	partidaId	mandanteId	visitanteId	placarMandante	placarVisitante	publico	vencedor	rodada	ano
0	2154036215	20	6	4	0	32,629	1	1	2016
1	313095314	20	6	0	1	29,779	-1	19	2017
2	1451714626	20	6	2	0	24,601	1	23	2018
3	1629560541	20	6	1	0	37,086	1	8	2019
4	3136640406	12	6	1	0	19,036	1	19	2016
5	62287592	12	6	2	0	10,199	1	22	2017
6	2422644228	12	6	1	2	62,994	-1	38	2018
7	216217673	12	6	3	2	52,667	1	6	2019
8	1617911496	10	6	1	0	17,465	1	21	2016
9	1099298248	10	6	0	1	10,924	-1	7	2017
10	53648302	10	6	3	1	20,922	1	24	2018
11	3093916457	26	6	1	0	12,861	1	12	2016
12	2672461764	26	6	1	0	15,442	1	4	2017
13	2646640665	21	6	1	0	2,471	1	25	2016
14	759429976	27	6	2	1	4,445	1	3	2016
15	2820743298	27	6	0	1	8,399	-1	34	2017
16	1141585812	27	6	2	0	10,965	1	12	2018
17	2556367547	27	6	2	1	7,992	1	14	2019
18	261811450	3	6	1	0	5,744	1	23	2016
19	363025182	24	6	0	0	24,701	0	37	2016
20	4173563175	24	6	2	2	41,201	0	14	2017
21	870006322	24	6	0	0	28,455	0	17	2018
22	3085168683	24	6	2	2	22,964	0	24	2019
23	1923645767	5	6	1	0	1,315	1	32	2016
24	3113410551	5	6	3	1	4,679	1	9	2018
25	3168296428	13	6	1	0	17,874	1	5	2016
26	2172400621	13	6	2	1	23,318	1	32	2018
27	2530098816	22	6	3	2	3,090	1	8	2016
28	550335292	22	6	2	1	5,997	1	35	2017
29	2963331982	17	6	1	1	43,691	0	35	2016
30	486778448	17	6	1	1	14,843	0	5	2017
31	3210258097	17	6	2	0	9,172	1	6	2018
32	3876117342	1	6	0	3	32,042	-1	14	2016
33	334224991	1	6	1	0	8,157	1	32	2017
34	2672520122	1	6	2	1	15,023	1	14	2018
35	757732543	1	6	0	2	20,689	-1	12	2019
36	3553307338	14	6	2	0	5,764	1	28	2016
37	1822799333	14	6	1	0	4,257	1	25	2017
38	865672633	14	6	1	0	7,802	1	27	2018
39	3010444916	14	6	1	1	12,589	0	18	2019
40	335234646	9	6	3	2	21,002	1	34	2016
41	1880807144	9	6	2	3	7,741	-1	29	2017
42	686669725	9	6	1	2	8,440	-1	35	2018
43	3738012857	11	6	1	2	12,389	-1	7	2016
44	3816828383	11	6	2	1	26,833	1	28	2017
45	183217261	11	6	0	0	13,053	0	30	2018
46	2650538289	25	6	1	0	16,123	1	30	2016
47	3486154915	25	6	0	0	15,369	0	21	2017
48	1267257249	25	6	0	0	22,049	0	2	2018
49	2776108332	25	6	2	1	12,748	1	16	2019
50	2175295417	23	6	0	0	3,788	0	10	2016
51	1846346214	23	6	1	1	9,689	0	12	2017
52	2891561855	23	6	2	1	4,146	1	20	2018
53	1187134555	23	6	1	1	6,433	0	3	2019
54	3707680210	28	6	2	0	20,624	1	17	2016
55	2104494866	28	6	1	0	11,031	1	11	2017
56	2436926967	28	6	1	0	13,349	1	10	2018
57	551612618	4	6	6	2	8,127	1	1	2017
58	3582215267	4	6	0	0	16,235	0	3	2018
59	1637245751	4	6	1	2	38,096	-1	23	2019
60	2788915298	29	6	1	0	13,394	1	37	2017
61	384710555	8	6	0	1	4,420	-1	8	2017
62	369071570	16	6	0	1	8,330	-1	17	2017
63	2506096724	16	6	1	1	20,917	0	34	2018
64	3860689823	16	6	1	1	17,427	0	20	2019
65	2308635477	19	6	0	0	6,446	0	7	2018
66	3203196626	7	6	0	0	14,772	0	18	2018
67	2758566057	2	6	0	4	7,845	-1	11	2019
68	3108456708	18	6	2	1	20,578	1	2	2019
69	491783761	15	6	2	1	10,468	1	9	2019
70	1400637739	20	17	2	0	28,534	1	3	2016
71	2173770407	20	17	3	1	33,066	1	6	2017
72	2549696186	20	17	3	0	37,430	1	34	2018
73	3051452581	20	17	3	0	27,956	1	16	2019
74	4162674170	12	17	1	2	25,946	-1	11	2016
75	1285836854	12	17	1	1	38,629	0	27	2017
76	3545755989	12	17	3	0	52,924	1	29	2018
77	2643055740	10	17	1	1	8,144	0	5	2016
78	1758205739	10	17	1	2	16,145	-1	2	2017
79	1022860125	10	17	5	2	14,476	1	11	2018
80	2791027313	10	17	2	1	19,081	1	14	2019
81	2306360355	26	17	1	1	9,819	0	32	2016
82	717774215	26	17	1	2	10,843	-1	14	2017
83	1902931272	21	17	0	1	8,279	-1	21	2016
84	455997675	27	17	1	0	10,156	1	23	2016
85	1766099884	27	17	1	2	11,776	-1	32	2017
86	3690536705	27	17	2	1	10,382	1	5	2018
87	1269802943	27	17	0	1	12,404	-1	23	2019
88	3116595417	3	17	1	0	1,842	1	37	2016
89	3324870525	24	17	0	1	18,838	-1	27	2016
90	1717612964	24	17	3	1	45,775	1	35	2017
91	3685525693	24	17	2	1	28,777	1	1	2018
92	948966656	5	17	0	1	2,078	-1	1	2016
93	2104461000	5	17	0	0	4,851	0	19	2018
94	560332728	13	17	2	2	19,552	0	19	2016
95	600525996	13	17	2	0	28,446	1	37	2018
96	1235196504	22	17	1	0	4,981	1	36	2016
97	2399824789	22	17	0	0	5,977	0	17	2017
98	3529025530	1	17	4	2	7,735	1	34	2016
99	1166443531	1	17	3	1	8,644	1	34	2017
100	58263348	1	17	2	1	14,449	1	21	2018
101	4215912023	1	17	0	0	38,113	0	24	2019
102	3754042318	14	17	2	1	5,253	1	29	2016
103	3645623733	14	17	0	0	22,018	0	20	2017
104	3546337336	14	17	3	0	8,680	1	31	2018
105	553463162	14	17	2	1	10,564	1	2	2019
106	1114368978	6	17	1	0	14,959	1	16	2016
107	2730023341	6	17	3	1	11,329	1	24	2017
108	3286252733	6	17	3	1	9,872	1	25	2018
109	3919436	6	17	3	0	11,709	1	7	2019
110	337243832	9	17	0	0	6,938	0	14	2016
111	518119452	9	17	2	2	12,444	0	23	2017
112	206072288	9	17	1	2	6,652	-1	4	2018
113	1607662822	11	17	2	1	10,323	1	12	2016
114	794295204	11	17	1	1	17,742	0	10	2017
115	2267426736	11	17	1	1	49,348	0	22	2018
116	3295507202	25	17	0	1	12,136	-1	26	2016
117	3706980845	25	17	1	0	15,727	1	26	2017
118	3175684435	25	17	0	0	18,149	0	8	2018
119	476928820	25	17	4	5	8,390	-1	3	2019
120	1775880550	23	17	0	0	5,817	0	6	2016
121	1639260664	23	17	2	0	10,010	1	30	2017
122	1369607631	23	17	1	2	5,170	-1	26	2018
123	946031547	23	17	1	1	6,257	0	9	2019
124	2308682206	28	17	2	1	8,065	1	9	2016
125	2892890129	28	17	2	2	15,469	0	18	2017
126	1227868686	28	17	1	2	11,119	-1	14	2018
127	429537830	4	17	1	1	18,267	0	12	2017
128	3878198998	4	17	2	0	16,784	1	36	2018
129	2856655842	4	17	3	2	21,776	1	6	2019
130	277429689	29	17	0	3	5,239	-1	9	2017
131	874333795	8	17	1	1	2,996	0	38	2017
132	2623995625	16	17	3	2	20,442	1	3	2017
133	2368575606	16	17	1	1	11,901	0	13	2018
134	1049092613	16	17	2	1	20,904	1	11	2019
135	4001752179	19	17	2	1	3,491	1	9	2018
136	1592031656	7	17	1	0	11,119	1	16	2018
137	230190515	18	17	0	1	35,474	-1	18	2019
138	3250044229	15	17	3	0	6,806	1	20	2019
139	2386972118	20	25	4	3	19,198	1	5	2016
140	3431630832	20	25	1	0	31,395	1	11	2017
141	3993280055	20	25	2	0	35,812	1	29	2018
142	1582518832	12	25	2	1	22,552	1	21	2016
143	3902349257	12	25	0	1	18,204	-1	13	2017
144	3344168740	12	25	2	0	36,978	1	36	2018
145	2262253604	12	25	3	1	57,644	1	14	2019
146	4124411126	10	25	0	3	15,742	-1	3	2016
147	3797661565	10	25	4	3	19,116	1	38	2017
148	1011785367	10	25	0	1	16,758	-1	32	2018
149	3092854973	10	25	1	4	Estádio Raimundo Sampaio, Belo Horizonte	-1	25	2019
150	3956445948	26	25	4	0	8,507	1	23	2016
151	2396543412	26	25	0	1	10,814	-1	28	2017
152	3916264133	21	25	5	1	2,227	1	37	2016
153	966277563	27	25	2	1	5,199	1	19	2016
154	3692107811	27	25	1	0	6,352	1	20	2017
155	521543429	27	25	2	1	10,748	1	3	2018
156	3104078856	27	25	0	1	17,757	-1	9	2019
157	1271009455	3	25	0	0	8,431	0	33	2016
158	3047395251	24	25	0	0	31,533	0	1	2016
159	2790002868	24	25	0	0	40,008	0	29	2017
160	3109211592	24	25	0	1	32,583	-1	19	2018
161	2498162325	24	25	0	0	36,360	0	4	2019
162	592210700	5	25	0	0	1,534	0	17	2016
163	3899122439	5	25	1	1	5,821	0	30	2018
164	4115292643	13	25	0	1	36,229	-1	13	2016
165	2747658469	13	25	1	0	41,742	1	24	2018
166	2574613396	13	25	1	1	35,103	0	11	2019
167	2247845	22	25	3	0	3,713	1	25	2016
168	1985588603	22	25	0	1	6,226	-1	33	2017
169	677683685	17	25	1	1	3,636	0	7	2016
170	3178546483	17	25	0	2	11,652	-1	7	2017
171	544074687	17	25	0	1	8,721	-1	27	2018
172	2321124333	17	25	2	1	17,791	1	22	2019
173	2789982689	1	25	1	0	16,678	1	28	2016
174	4076612137	1	25	3	3	20,384	0	8	2017
175	550250055	1	25	0	1	19,285	-1	1	2018
176	1505488118	1	25	1	4	14,208	-1	18	2019
177	278451631	14	25	1	1	7,969	0	31	2016
178	744495083	14	25	1	0	4,206	1	36	2017
179	3534577704	14	25	0	0	16,083	0	23	2018
180	2183337717	14	25	0	3	10,898	-1	20	2019
181	843157572	6	25	2	0	16,838	1	11	2016
182	2048093808	6	25	0	2	17,244	-1	2	2017
183	3686226883	6	25	2	1	12,188	1	21	2018
184	4148729873	9	25	0	1	19,652	-1	29	2016
185	5143824	9	25	1	3	5,541	-1	15	2017
186	2070306232	9	25	0	0	4,283	0	37	2018
187	561386857	11	25	1	1	21,933	0	35	2016
188	881331878	11	25	1	1	51,511	0	16	2017
189	3627866666	11	25	1	1	24,757	0	34	2018
190	2757095401	11	25	0	0	46,997	0	17	2019
191	2041306844	23	25	3	3	13,154	0	8	2016
192	1144517332	23	25	3	6	14,403	-1	5	2017
193	963656609	23	25	1	1	14,382	0	16	2018
194	2797301702	28	25	4	2	10,891	1	15	2016
195	1740912153	28	25	4	3	3,441	1	3	2017
196	2196493492	28	25	0	0	14,430	0	12	2018
197	3949207242	4	25	1	0	12,789	1	25	2017
198	342074252	4	25	0	2	15,623	-1	9	2018
199	2681499317	4	25	1	0	26,930	1	7	2019
200	3945823785	29	25	2	2	9,880	0	31	2017
201	397389000	29	25	1	1	12,181	0	2	2019
202	3797812894	8	25	0	1	5,253	-1	18	2017
203	3077149047	16	25	1	0	Estádio Club de Regatas Vasco da Gama, Rio de Janeiro, RJ	1	23	2017
204	995837312	16	25	1	0	8,242	1	14	2018
205	2441247413	19	25	0	0	7,776	0	6	2018
206	2116791751	7	25	0	1	14,995	-1	7	2018
207	143728445	7	25	2	1	17,506	1	5	2019
208	2015899240	2	25	0	0	11,918	0	12	2019
209	1378429889	20	24	1	0	39,935	1	7	2016
210	598274269	20	24	0	2	39,091	-1	13	2017
211	2475229075	20	24	1	0	38,568	1	24	2018
212	4193838434	12	24	2	2	65,743	0	32	2016
213	1704134574	12	24	3	0	13,491	1	36	2017
214	2147639373	12	24	1	0	49,222	1	9	2018
215	1072836564	10	24	2	1	34,426	1	10	2016
216	538901776	10	24	0	2	45,283	-1	18	2017
217	3568614193	10	24	1	0	19,825	1	3	2018
218	2197152914	26	24	1	1	11,893	0	25	2016
219	1888275073	26	24	0	0	19,534	0	8	2017
220	2951370396	21	24	2	4	7,974	-1	30	2016
221	3929243654	27	24	2	0	8,375	1	28	2016
222	3803188543	27	24	2	1	8,466	1	30	2017
223	4241636770	27	24	1	0	21,463	1	32	2018
224	3018403085	3	24	1	1	5,694	0	35	2016
225	4248883433	5	24	0	2	3,386	-1	12	2016
226	3070311124	5	24	0	0	8,012	0	27	2018
227	2244261790	13	24	0	1	30,098	-1	17	2016
228	2618136284	13	24	2	1	28,627	1	7	2018
229	3252694626	13	24	0	0	32,049	0	14	2019
230	921510776	22	24	2	0	8,529	1	22	2016
231	2415825069	22	24	1	0	13,121	1	31	2017
232	2050665735	17	24	1	0	21,148	1	8	2016
233	2071794209	17	24	0	1	23,863	-1	16	2017
234	3249750489	17	24	1	0	8,444	1	20	2018
235	1230622330	17	24	1	0	15,733	1	19	2019
236	2460445400	1	24	3	2	16,074	1	38	2016
237	1268247117	1	24	1	1	15,727	0	26	2017
238	3459056390	1	24	1	0	15,520	1	34	2018
239	417491947	1	24	0	0	21,370	0	8	2019
240	2740224316	14	24	2	1	8,610	1	24	2016
241	2591282498	14	24	2	0	12,567	1	23	2017
242	2010577362	14	24	1	0	26,428	1	29	2018
243	2005443234	14	24	1	0	11,831	1	9	2019
244	3716590906	6	24	2	0	25,379	1	18	2016
245	1048847987	6	24	0	1	18,062	-1	33	2017
246	2933854167	6	24	1	0	14,320	1	36	2018
247	3634118978	6	24	0	2	18,284	-1	5	2019
248	1393186589	9	24	3	2	12,417	1	2	2016
249	2653612254	9	24	0	1	16,515	-1	2	2017
250	3296426965	9	24	2	2	17,982	0	30	2018
251	595429479	11	24	4	0	53,781	1	34	2016
252	1098096021	11	24	1	1	61,142	0	25	2017
253	2580084485	11	24	3	1	58,624	1	14	2018
254	3984240250	11	24	1	0	Estádio do Morumbi, São Paulo, SP	1	25	2019
255	4238333264	25	24	3	0	46,163	1	20	2016
256	2154427002	25	24	0	1	50,116	-1	10	2017
257	3495358574	25	24	1	0	38,974	1	38	2018
258	1032811362	25	24	0	0	14,596	0	23	2019
259	3438283420	23	24	0	2	11,615	-1	14	2016
260	3807707363	23	24	0	1	15,831	-1	20	2017
261	3562226358	23	24	2	1	10,070	1	18	2018
262	2738788185	23	24	0	1	5,036	-1	21	2019
263	3065752901	28	24	0	2	14,645	-1	4	2016
264	3880392087	28	24	1	0	29,977	1	38	2017
265	4038077890	28	24	1	1	28,942	0	6	2018
266	2758478293	4	24	2	0	23,413	1	28	2017
267	2358979466	4	24	1	0	15,041	1	12	2018
268	228764833	4	24	3	2	29,294	1	1	2019
269	3322671938	29	24	0	0	10,671	0	15	2017
270	949872339	29	24	1	1	9,753	0	16	2019
271	2306797864	8	24	0	1	15,220	-1	3	2017
272	1881300290	16	24	2	5	16,288	-1	5	2017
273	804655678	16	24	1	4	33,516	-1	16	2018
274	259534598	16	24	1	1	25,779	0	3	2019
275	2575368570	19	24	0	4	15,714	-1	2	2018
276	1246521852	7	24	2	1	39,785	1	23	2018
277	1403443462	18	24	1	3	41,546	-1	12	2019
278	2261120564	20	21	3	1	34,162	1	9	2016
279	2012606307	12	21	3	0	23,272	1	29	2016
280	4252714334	10	21	3	0	16,804	1	17	2016
281	3239157635	26	21	1	0	8,055	1	35	2016
282	426201478	27	21	2	1	5,423	1	13	2016
283	1795283039	3	21	3	1	6,860	1	27	2016
284	2794024623	24	21	2	1	25,501	1	11	2016
285	1581160818	5	21	0	3	2,404	-1	15	2016
286	1563992926	13	21	1	1	35,376	0	33	2016
287	2548521308	22	21	3	0	10,912	1	31	2016
288	1159183639	17	21	2	2	3,380	0	2	2016
289	842608415	1	21	2	0	46,591	1	22	2016
290	2224865587	14	21	3	2	28,700	1	26	2016
291	434723135	6	21	1	0	11,863	1	6	2016
292	3318159453	9	21	2	2	6,797	0	20	2016
293	2389196069	11	21	5	0	16,553	1	38	2016
294	2339153946	25	21	0	0	16,068	0	18	2016
295	3819894739	23	21	1	1	4,734	0	4	2016
296	3812094926	28	21	5	3	11,688	1	24	2016
297	916173986	20	5	2	0	27,429	1	10	2016
298	3781177796	20	5	4	0	39,429	1	36	2018
299	3156831346	12	5	2	1	16,523	1	16	2016
300	3686576274	12	5	2	0	52,106	1	2	2018
301	307713843	10	5	3	0	27,737	1	30	2016
302	3576957659	10	5	0	0	20,526	0	29	2018
303	2366808135	26	5	3	0	9,174	1	28	2016
304	212286217	21	5	1	0	7,632	1	34	2016
305	3242314909	27	5	3	1	1,255	1	8	2016
306	3555617495	27	5	1	0	25,382	1	25	2018
307	3649396360	3	5	2	2	3,323	0	25	2016
308	2013435935	24	5	2	0	25,741	1	31	2016
309	103367776	24	5	1	0	34,921	1	8	2018
310	1454765138	13	5	3	1	15,640	1	7	2016
311	2278938093	13	5	2	0	26,476	1	34	2018
312	1663418267	22	5	1	1	4,386	0	24	2016
313	531369707	17	5	1	0	6,775	1	20	2016
314	3063313151	17	5	1	0	38,870	1	38	2018
315	279464459	1	5	1	1	11,266	0	4	2016
316	1311935299	1	5	3	1	17,956	1	13	2018
317	1069281492	14	5	1	0	7,531	1	38	2016
318	985603253	14	5	0	1	8,691	-1	16	2018
319	3645686677	6	5	1	0	10,137	1	13	2016
320	664614473	6	5	4	0	11,443	1	28	2018
321	291467625	9	5	2	1	8,477	1	22	2016
322	996976521	9	5	1	0	11,799	1	22	2018
323	2377031310	11	5	3	0	8,198	1	14	2016
324	14441759	11	5	1	1	47,846	0	26	2018
325	2751963320	25	5	3	0	10,765	1	36	2016
326	752329073	25	5	1	0	12,953	1	11	2018
327	1957776180	23	5	3	1	2,057	1	2	2016
328	1243779440	23	5	1	0	13,238	1	31	2018
329	816719069	28	5	1	1	20,987	0	18	2016
330	2230307915	28	5	0	2	16,425	-1	20	2018
331	3838127710	4	5	1	0	19,100	1	18	2018
332	1395703299	16	5	4	1	3,683	1	4	2018
333	3531949962	19	5	1	0	3,217	1	14	2018
334	1498522682	7	5	2	2	14,914	0	5	2018
335	3528488295	20	3	4	0	32,834	1	12	2016
336	3441733789	12	3	2	0	29,605	1	26	2016
337	166665215	10	3	3	0	14,615	1	32	2016
338	688091532	26	3	0	0	12,087	0	30	2016
339	4199316851	21	3	1	0	10,019	1	8	2016
340	1914346721	27	3	0	0	3,012	0	10	2016
341	3462757622	24	3	1	1	38,507	0	16	2016
342	3032867940	5	3	1	0	2,173	1	6	2016
343	3923385887	13	3	1	0	30,796	1	28	2016
344	2284275178	22	3	2	0	3,753	1	20	2016
345	2244156266	17	3	3	2	6,136	1	18	2016
346	2783822775	1	3	2	2	12,647	0	2	2016
347	750762204	14	3	0	1	11,456	-1	22	2016
348	1028647307	6	3	2	1	10,479	1	4	2016
349	3427344275	9	3	4	0	22,648	1	36	2016
350	2927787495	11	3	3	1	27,365	1	24	2016
351	1333099112	25	3	2	1	34,013	1	14	2016
352	1660506383	23	3	1	0	9,075	1	34	2016
353	3699594799	28	3	2	0	25,271	1	38	2016
354	2907120561	20	14	1	1	40,035	0	14	2016
355	2019121169	20	14	0	1	37,527	-1	26	2017
356	413541164	20	14	3	2	38,938	1	32	2018
357	1715222873	20	14	4	0	32,501	1	5	2019
358	2300203481	12	14	2	0	37,615	1	37	2016
359	1491381996	12	14	1	2	15,456	-1	37	2017
360	1180739625	12	14	1	0	46,067	1	34	2018
361	2058455533	12	14	1	0	68,243	1	19	2019
362	967698529	10	14	1	0	5,403	1	1	2016
363	3766542008	10	14	0	1	12,949	-1	13	2017
364	3818208820	10	14	3	1	22,062	1	18	2018
365	110330712	26	14	2	1	7,972	1	21	2016
366	3845740919	26	14	0	0	8,426	0	21	2017
367	3616473005	21	14	0	2	16,464	-1	7	2016
368	3158360424	27	14	0	1	11,883	-1	25	2016
369	552681301	27	14	2	0	5,780	1	24	2017
370	1351901578	27	14	0	0	6,940	0	17	2018
371	1882095334	27	14	0	1	16,248	-1	11	2019
372	2987462964	3	14	2	2	5,849	0	3	2016
373	3247738737	24	14	1	0	30,187	1	5	2016
374	4016662114	24	14	2	0	40,169	1	4	2017
375	1274292721	24	14	1	1	27,586	0	10	2018
376	1168176742	5	14	1	0	2,893	1	19	2016
377	692736155	5	14	2	1	4,652	1	35	2018
378	3521355244	13	14	2	1	29,996	1	23	2016
379	497958195	13	14	2	2	38,492	0	30	2018
380	4238034281	13	14	0	0	12,035	0	25	2019
381	2954659087	22	14	1	2	10,208	-1	34	2016
382	3792275321	22	14	1	1	13,892	0	27	2017
383	2273274477	17	14	2	4	5,310	-1	10	2016
384	726581407	17	14	3	2	11,835	1	1	2017
385	3736561961	17	14	0	1	7,438	-1	12	2018
386	1577195261	17	14	1	1	11,032	0	21	2019
387	1767236497	1	14	2	2	13,902	0	36	2016
388	3378896633	1	14	1	1	12,055	0	22	2017
389	2216984191	1	14	2	1	9,029	1	26	2018
390	1719601888	1	14	2	0	43,604	1	15	2019
391	780150595	6	14	1	0	15,359	1	9	2016
392	2476616660	6	14	0	2	18,112	-1	6	2017
393	97311295	6	14	2	0	8,204	1	8	2018
394	2751575427	9	14	2	3	9,244	-1	16	2016
395	1339336589	9	14	0	2	7,855	-1	9	2017
396	2530272227	9	14	0	1	7,478	-1	28	2018
397	3617438499	11	14	0	1	29,084	-1	30	2016
398	469920595	11	14	2	1	40,004	1	31	2017
399	3368883519	11	14	1	0	40,565	1	6	2018
400	2252485264	11	14	3	2	47,277	1	14	2019
401	2338366061	25	14	3	2	13,088	1	12	2016
402	3682179416	25	14	1	1	30,034	0	17	2017
403	3968717349	25	14	5	1	25,779	1	4	2018
404	615406311	25	14	1	2	32,318	-1	1	2019
405	2324303343	23	14	0	1	7,459	-1	32	2016
406	174211425	23	14	2	0	11,301	1	34	2017
407	2639923917	23	14	0	0	7,100	0	14	2018
408	1237416293	23	14	0	1	9,052	-1	17	2019
409	2576689357	28	14	1	0	7,934	1	27	2016
410	2215097162	28	14	1	1	14,802	0	29	2017
411	3326937452	28	14	2	1	23,451	1	38	2018
412	800457563	4	14	3	1	22,896	1	35	2017
413	1141513049	4	14	1	0	15,588	1	2	2018
414	4254459802	4	14	0	1	18,465	-1	10	2019
415	3718116381	29	14	0	0	5,803	0	19	2017
416	2455454132	8	14	1	1	5,898	0	11	2017
417	2818877040	16	14	0	0	Estádio Club de Regatas Vasco da Gama, Rio de Janeiro, RJ	0	14	2017
418	722725112	16	14	0	3	33,646	-1	22	2018
419	2386499997	16	14	0	1	17,083	-1	23	2019
420	4008523229	19	14	0	2	4,504	-1	24	2018
421	908137415	7	14	1	1	18,047	0	20	2018
422	3167858614	7	14	0	1	50,809	-1	7	2019
423	2864108214	2	14	0	0	10,313	0	3	2019
424	3707410010	20	10	0	1	39,400	-1	16	2016
425	3022433337	20	10	0	0	34,240	0	4	2017
426	2270340513	20	10	3	2	29,246	1	14	2018
427	260201501	20	10	1	1	32,659	0	23	2019
428	2725125750	12	10	2	0	23,390	1	14	2016
429	3568251288	12	10	1	1	50,220	0	1	2017
430	707779553	12	10	2	1	39,462	1	26	2018
431	1604743305	12	10	3	1	58,788	1	24	2019
432	2784169563	26	10	2	0	11,847	1	34	2016
433	1200962241	26	10	0	2	11,564	-1	17	2017
434	341482934	21	10	3	3	3,221	0	36	2016
435	3757895149	27	10	3	2	14,595	1	31	2016
436	4010552391	27	10	1	1	9,630	0	12	2017
437	2206124780	27	10	0	3	8,470	-1	19	2018
438	1438016357	27	10	2	1	12,098	1	18	2019
439	1160448485	3	10	1	1	5,226	0	13	2016
440	3685712972	24	10	0	0	17,135	0	29	2016
441	3864294559	24	10	2	2	46,030	0	37	2017
442	2130899567	24	10	1	1	29,371	0	22	2018
443	2128488265	24	10	1	0	31,961	1	17	2019
444	639769716	5	10	0	1	9,516	-1	11	2016
445	2766850387	5	10	1	3	7,776	-1	10	2018
446	3672729779	13	10	2	0	21,881	1	8	2016
447	2554992582	13	10	1	2	23,085	-1	36	2018
448	3624763928	22	10	1	2	4,946	-1	28	2016
449	1364108389	22	10	1	2	5,779	-1	22	2017
450	1029281918	17	10	4	2	9,004	1	24	2016
451	2038955544	17	10	2	1	10,412	1	21	2017
452	3291485554	17	10	1	0	4,762	1	30	2018
453	3626524207	1	10	1	1	43,381	0	26	2016
454	927156275	1	10	1	3	35,921	-1	30	2017
455	994767647	1	10	0	0	24,999	0	25	2018
456	4123461308	14	10	3	0	10,250	1	20	2016
457	1558720982	14	10	3	1	11,418	1	32	2017
458	1657142320	14	10	3	2	4,591	1	37	2018
459	2214574498	14	10	3	1	5,794	1	8	2019
460	662298901	6	10	1	1	11,804	0	2	2016
461	2339228158	6	10	0	2	11,418	-1	26	2017
462	649246272	6	10	1	2	7,505	-1	5	2018
463	1898415709	6	10	1	0	13,148	1	15	2019
464	3276270010	9	10	1	1	12,791	0	4	2016
465	2734577917	9	10	2	0	6,812	1	6	2017
466	685896061	9	10	1	0	5,954	1	21	2018
467	1397791274	11	10	1	2	15,717	-1	18	2016
468	263408638	11	10	1	2	22,704	-1	8	2017
469	817051485	11	10	2	2	31,976	0	4	2018
470	1086499924	25	10	1	1	30,631	0	22	2016
471	3570272852	25	10	2	0	22,702	1	19	2017
472	137096328	25	10	2	0	20,311	1	13	2018
473	599666780	25	10	1	0	13,714	1	6	2019
474	707067208	23	10	0	1	9,013	-1	10	2017
475	2283647975	23	10	1	0	10,074	1	28	2018
476	3608276429	23	10	1	2	2,600	-1	10	2019
477	841864995	28	10	4	4	14,170	0	6	2016
478	2616879101	28	10	1	1	20,273	0	28	2017
479	2805170123	28	10	3	2	15,605	1	8	2018
480	2955256901	4	10	2	2	29,769	0	34	2017
481	2811956911	4	10	2	2	15,993	0	16	2018
482	431905529	29	10	1	1	9,201	0	24	2017
483	1935749907	29	10	1	0	7,463	1	20	2019
484	1630786596	8	10	1	2	5,235	-1	14	2017
485	311337726	16	10	1	1	12,059	0	35	2017
486	1563299723	16	10	2	1	7,197	1	1	2018
487	3132771005	16	10	1	2	6,745	-1	2	2019
488	813973420	19	10	0	1	1,140	-1	34	2018
489	1278671967	7	10	2	1	37,394	1	31	2018
490	982855530	7	10	1	2	16,815	-1	3	2019
491	2812931741	15	10	0	0	10,439	0	12	2019
492	1430414579	20	9	2	1	30,330	1	19	2016
493	1127138961	20	9	4	2	36,263	1	14	2017
494	2484594684	20	9	3	2	41,256	1	38	2018
495	3165645825	12	9	1	0	6,164	1	5	2016
496	1286465038	12	9	0	2	16,521	-1	19	2017
497	678851924	12	9	1	0	51,878	1	20	2018
498	2118006946	10	9	2	1	13,532	1	23	2016
499	1135227773	10	9	1	3	10,865	-1	25	2017
500	482757312	10	9	2	1	10,423	1	2	2018
501	134430761	26	9	0	1	12,755	-1	37	2016
502	114820226	26	9	0	1	10,036	-1	22	2017
503	2394430078	21	9	4	1	20,038	1	1	2016
504	3372723494	27	9	1	1	2,208	0	7	2016
505	1544195689	27	9	2	3	14,780	-1	26	2017
506	231845355	27	9	1	1	5,857	0	7	2018
507	692485821	3	9	1	0	4,252	1	17	2016
508	481149115	24	9	2	1	20,207	1	21	2016
509	2678143570	24	9	0	1	42,075	-1	21	2017
510	229570584	24	9	0	0	27,744	0	11	2018
511	3224364786	5	9	1	1	1,318	0	3	2016
512	2651706518	5	9	2	1	9,453	1	3	2018
513	1675727377	13	9	0	1	20,942	-1	25	2016
514	3656777754	13	9	2	1	33,347	1	27	2018
515	3350962589	22	9	2	0	8,915	1	30	2016
516	3158652946	22	9	2	3	12,862	-1	37	2017
517	3452624992	17	9	2	2	20,005	0	33	2016
518	30032586	17	9	2	1	13,801	1	4	2017
519	2535825790	17	9	0	0	8,952	0	23	2018
520	3917729742	1	9	2	2	43,821	0	13	2016
521	876233447	1	9	0	0	12,471	0	17	2017
522	107277716	1	9	3	0	4,038	1	36	2018
523	4009669131	14	9	3	2	9,258	1	35	2016
524	611132409	14	9	2	2	19,007	0	28	2017
525	2942861799	14	9	5	2	3,887	1	9	2018
526	3434468822	6	9	1	1	Estádio Joaquim Américo Guimarães, Curitiba	0	15	2016
527	3470003705	6	9	4	1	15,770	1	10	2017
528	422498866	6	9	4	0	8,697	1	16	2018
529	3421473656	11	9	2	0	9,213	1	8	2016
530	1573923714	11	9	2	0	12,536	1	5	2017
531	2009035417	11	9	3	0	20,456	1	12	2018
532	359960426	25	9	1	2	12,636	-1	10	2016
533	1866579155	25	9	1	1	14,021	0	34	2017
534	3977764259	25	9	4	0	16,146	1	18	2018
535	565334583	23	9	1	4	10,363	-1	28	2016
536	2150345049	23	9	2	1	7,546	1	35	2017
537	4061051648	23	9	0	1	6,280	-1	29	2018
538	1136539225	28	9	1	0	24,138	1	31	2016
539	4234743087	28	9	1	3	6,061	-1	8	2017
540	2870111561	28	9	0	0	22,652	0	34	2018
541	4211083123	4	9	2	1	31,185	1	30	2017
542	2755788830	4	9	4	1	24,312	1	14	2018
543	4018437592	29	9	0	0	4,666	0	1	2017
544	3448419460	8	9	1	2	2,857	-1	12	2017
545	2977391450	16	9	1	1	15,811	0	32	2017
546	2833304876	16	9	2	3	3,542	-1	5	2018
547	1860371574	19	9	1	1	931	0	32	2018
548	3302495078	7	9	2	0	32,136	1	25	2018
549	2328863424	20	22	2	2	29,138	0	21	2016
550	2558081115	20	22	2	0	19,976	1	29	2017
551	337836756	12	22	2	1	16,358	1	23	2016
552	2723152387	12	22	2	0	13,981	1	7	2017
553	4246997039	10	22	3	0	16,042	1	9	2016
554	3756144721	10	22	2	2	19,553	0	3	2017
555	1691434338	26	22	3	1	7,238	1	19	2016
556	890385878	26	22	1	1	19,719	0	34	2017
557	3193611335	21	22	0	3	8,517	-1	12	2016
558	1307999994	27	22	1	1	11,118	0	37	2016
559	2087104886	27	22	2	0	9,160	1	2	2017
560	944384982	3	22	0	0	5,458	0	1	2016
561	1946653570	24	22	3	0	35,573	1	3	2016
562	4226144501	24	22	2	0	32,877	1	12	2017
563	2873846641	5	22	1	2	1,466	-1	5	2016
564	3842331170	13	22	1	1	28,774	0	35	2016
565	2554381406	17	22	3	0	9,574	1	17	2016
566	1623409338	17	22	2	0	19,686	1	36	2017
567	2317777163	1	22	2	0	15,425	1	29	2016
568	4236601201	1	22	2	1	15,397	1	28	2017
569	2165022373	14	22	3	1	11,979	1	15	2016
570	906172067	14	22	0	0	19,984	0	8	2017
571	3431036072	6	22	3	0	11,527	1	27	2016
572	1649459446	6	22	0	2	13,661	-1	16	2017
573	3428158585	9	22	1	1	4,814	0	11	2016
574	2200963189	9	22	3	1	8,433	1	18	2017
575	3782237677	11	22	2	0	49,673	1	32	2016
576	1582583446	11	22	2	2	42,724	0	23	2017
577	1708771694	25	22	1	0	15,125	1	6	2016
578	3672676715	25	22	3	1	19,292	1	14	2017
579	1430453292	23	22	2	2	2,709	0	26	2016
580	1684438717	23	22	1	0	9,980	1	25	2017
581	3760539363	28	22	1	0	11,613	1	33	2016
582	101045459	28	22	0	0	12,967	0	20	2017
583	699340813	4	22	2	0	20,539	1	32	2017
584	3878791191	29	22	0	0	5,697	0	11	2017
585	585374052	8	22	3	0	2,862	1	5	2017
586	1038921391	16	22	2	1	22,076	1	38	2017
587	2972449239	20	11	2	1	39,944	1	23	2016
588	2357103204	20	11	4	2	33,537	1	22	2017
589	2661851606	20	11	3	1	32,841	1	9	2018
590	2670221860	12	11	2	2	27,233	0	9	2016
591	2491777850	12	11	2	0	17,302	1	11	2017
592	1446826089	12	11	0	1	55,986	-1	13	2018
593	2613944136	12	11	0	0	67,051	0	22	2019
594	2406816290	10	11	1	2	8,901	-1	37	2016
595	1511511909	10	11	1	0	17,606	1	27	2017
596	3014527705	10	11	1	0	20,852	1	23	2018
597	159709862	10	11	1	1	19,761	0	9	2019
598	1762805060	26	11	1	1	9,979	0	3	2016
599	2422557823	26	11	1	2	32,739	-1	37	2017
600	3946532461	21	11	1	2	12,705	-1	19	2016
601	3809494060	27	11	0	1	5,465	-1	1	2016
602	2255086984	27	11	3	4	17,139	-1	17	2017
603	934947234	27	11	2	2	19,976	0	27	2018
604	410697209	27	11	1	2	18,471	-1	20	2019
605	2600250894	3	11	1	0	5,271	1	5	2016
606	3443992086	24	11	1	1	42,099	0	15	2016
607	1327807727	24	11	3	2	42,443	1	6	2017
608	2076170754	24	11	1	1	42,845	0	33	2018
609	2604781966	24	11	1	0	39,378	1	6	2019
610	4248331119	5	11	1	0	5,014	1	33	2016
611	3999857296	5	11	1	3	4,360	-1	7	2018
612	3526685540	13	11	1	1	23,079	0	21	2016
613	3020904013	13	11	3	1	41,640	1	29	2018
614	3045058676	13	11	1	0	14,302	1	18	2019
615	1974216558	22	11	1	0	5,551	1	13	2016
616	979200111	22	11	1	0	6,246	1	4	2017
617	1824815169	17	11	1	2	6,664	-1	31	2016
618	2822022716	17	11	3	1	22,999	1	29	2017
619	2355093826	17	11	1	1	19,237	0	3	2018
620	2502651183	17	11	1	2	21,741	-1	12	2019
621	3822328248	1	11	0	1	18,880	-1	6	2016
622	2373475148	1	11	1	0	11,416	1	1	2017
623	1575366405	1	11	0	2	26,671	-1	16	2018
624	768724713	14	11	3	0	24,647	1	11	2016
625	1856040566	14	11	3	2	10,322	1	12	2017
626	3304071906	14	11	0	0	13,488	0	25	2018
627	3478171504	6	11	1	0	15,216	1	26	2016
628	210559545	6	11	1	0	19,150	1	9	2017
629	1957528011	6	11	0	1	8,257	-1	11	2018
630	2266203371	6	11	0	1	20,047	-1	13	2019
631	2525146633	9	11	2	0	10,980	1	27	2016
632	2142403775	9	11	1	2	12,805	-1	24	2017
633	577167010	9	11	0	1	11,283	-1	31	2018
634	250554974	25	11	1	0	37,069	1	16	2016
635	4013094870	25	11	1	0	20,542	1	35	2017
636	1060779480	25	11	2	1	19,865	1	15	2018
637	1789415597	23	11	2	0	8,163	1	36	2016
638	1284638516	23	11	2	0	10,742	1	14	2017
639	612408694	23	11	1	0	19,992	1	38	2018
640	1789114451	28	11	1	1	10,301	0	29	2016
641	3725852614	28	11	0	0	10,810	0	7	2017
642	4133301842	28	11	1	3	16,050	-1	18	2018
643	2065319629	4	11	2	1	24,072	1	19	2017
644	4222763412	4	11	2	2	20,847	0	5	2018
645	2432138570	4	11	0	0	31,726	0	24	2019
646	4038100005	29	11	1	1	9,006	0	21	2017
647	1537452734	29	11	0	0	8,084	0	8	2019
648	1935526875	8	11	0	1	17,697	-1	32	2017
649	2561276248	16	11	1	1	17,447	0	34	2017
650	4053204087	16	11	2	0	1,123	1	36	2018
651	2408441791	16	11	2	0	20,404	1	16	2019
652	3357535414	19	11	1	1	7,635	0	20	2018
653	2645285286	7	11	0	0	30,186	0	2	2018
654	1543349695	18	11	0	1	42,955	-1	4	2019
655	500227611	15	11	1	2	29,644	-1	2	2019
656	169063798	20	12	1	1	32,885	0	25	2016
657	1744176825	20	12	2	0	27,831	1	34	2017
658	2278320677	20	12	1	1	36,882	0	12	2018
659	647480539	10	12	2	2	45,952	0	33	2016
660	2123159458	10	12	2	0	11,031	1	20	2017
661	4182910349	10	12	0	1	15,797	-1	7	2018
662	2677626147	10	12	2	1	13,616	1	5	2019
663	3347589491	26	12	0	2	16,177	-1	17	2016
664	2742292156	26	12	1	0	14,821	1	35	2017
665	957084132	21	12	0	1	12,739	-1	10	2016
666	887730198	27	12	3	3	11,692	0	15	2016
667	3164355769	27	12	2	0	6,311	1	23	2017
668	4189577415	27	12	2	1	19,267	1	33	2018
669	344646807	3	12	1	0	10,948	1	7	2016
670	3746355557	24	12	4	0	32,577	1	13	2016
671	3516030251	24	12	1	1	44,682	0	17	2017
672	1275416351	24	12	0	3	41,693	-1	28	2018
673	3958604874	24	12	1	1	34,737	0	11	2019
674	2714354262	5	12	0	1	7,420	-1	35	2016
675	3675433596	5	12	2	2	12,887	0	21	2018
676	2816979430	13	12	2	1	31,981	1	31	2016
677	714175714	13	12	2	1	31,487	1	23	2018
678	4253565218	13	12	2	1	37,001	1	2	2019
679	139657486	22	12	1	2	7,106	-1	4	2016
680	2457255163	22	12	1	0	11,133	1	26	2017
681	3274952946	17	12	1	2	11,166	-1	30	2016
682	2688116464	17	12	2	2	33,112	0	8	2017
683	2253090120	17	12	0	2	60,000	-1	10	2018
684	1915741435	17	12	0	0	42,726	0	8	2019
685	438165885	1	12	0	1	17,593	-1	8	2016
686	2891363574	1	12	1	1	43,439	0	14	2017
687	1869191818	1	12	0	2	29,369	-1	37	2018
688	3679213728	1	12	1	2	40,333	-1	20	2019
689	2926497904	14	12	0	0	21,814	0	18	2016
690	1300053388	14	12	3	2	27,030	1	18	2017
691	1370214434	14	12	1	1	11,843	0	15	2018
692	1327029019	6	12	0	0	35,396	0	38	2016
693	4042511410	6	12	1	1	19,923	0	3	2017
694	3295129825	6	12	3	0	20,146	1	19	2018
695	3819527565	6	12	0	2	Estádio Joaquim Américo Guimarães, Curitiba, PR	-1	25	2019
696	2468482815	9	12	1	2	28,387	-1	24	2016
697	403468040	9	12	1	2	29,008	-1	38	2017
698	1078041224	9	12	2	2	12,669	0	1	2018
699	4175319233	11	12	0	0	29,813	0	28	2016
700	3149682363	11	12	2	0	32,915	1	30	2017
701	3170785283	11	12	2	2	32,612	0	32	2018
702	1650702121	11	12	1	1	38,749	0	3	2019
703	440071020	25	12	1	0	15,976	1	2	2016
704	4257496234	25	12	3	1	18,199	1	32	2017
705	798619186	25	12	2	0	14,649	1	17	2018
706	2277326915	23	12	1	3	11,562	-1	22	2016
707	2974530818	23	12	0	1	10,484	-1	28	2017
708	2809453425	23	12	3	2	10,931	1	5	2018
709	829940832	23	12	0	1	12,152	-1	23	2019
710	3801510327	28	12	1	0	25,019	1	20	2016
711	662490934	28	12	2	0	11,426	1	5	2017
712	1483779638	28	12	0	1	26,005	-1	35	2018
713	2405673663	4	12	0	1	21,929	-1	10	2017
714	197325670	4	12	0	0	31,059	0	27	2018
715	1952214413	4	12	3	0	43,099	1	13	2019
716	1847518063	29	12	1	1	13,448	0	6	2017
717	733390443	29	12	0	3	47,575	-1	18	2019
718	1544777981	8	12	0	3	10,144	-1	2	2017
719	820072816	16	12	0	1	19,622	-1	12	2017
720	2119792963	16	12	1	1	54,288	0	25	2018
721	2388803098	16	12	1	4	65,418	-1	15	2019
722	3562494725	19	12	0	4	4,271	-1	30	2018
723	3379296698	7	12	0	3	52,962	-1	3	2018
724	2485865929	7	12	0	3	49,986	-1	16	2019
725	1509328442	2	12	0	2	37,673	-1	9	2019
726	3456273125	20	26	2	1	30,962	1	27	2016
727	3452289432	20	26	1	0	26,440	1	24	2017
728	958734408	12	26	2	2	40,802	0	36	2016
729	4051537247	12	26	2	1	13,014	1	16	2017
730	3649148841	10	26	2	1	20,891	1	15	2016
731	4229538986	10	26	3	0	8,184	1	36	2017
732	4156713971	21	26	0	1	10,021	-1	16	2016
733	2407231857	27	26	0	0	15,170	0	33	2016
734	3911270486	27	26	2	2	14,866	0	6	2017
735	2577687857	3	26	0	0	5,834	0	11	2016
736	3345205697	24	26	2	1	26,958	1	6	2016
737	3677207578	24	26	3	1	36,439	1	27	2017
738	4174442274	5	26	2	1	796	1	9	2016
739	1378530516	13	26	1	0	31,431	1	29	2016
740	1895252031	22	26	2	0	3,095	1	38	2016
741	3512030683	22	26	4	0	3,832	1	15	2017
742	634678354	17	26	0	0	1,826	0	13	2016
743	3961655121	17	26	2	2	10,908	0	33	2017
744	758683310	1	26	2	2	13,814	0	20	2016
745	622322904	1	26	2	0	11,778	1	10	2017
746	2903152983	14	26	2	1	7,472	1	2	2016
747	2097237368	14	26	1	0	5,921	1	2	2017
748	1855723787	6	26	2	0	6,684	1	31	2016
749	3810350753	6	26	1	1	17,420	0	23	2017
750	152342846	9	26	3	1	7,182	1	18	2016
751	2698451251	9	26	0	1	7,619	-1	3	2017
752	191966956	11	26	0	0	7,836	0	22	2016
753	522840835	11	26	1	2	53,635	-1	18	2017
754	4081685365	25	26	2	0	10,825	1	4	2016
755	3340263308	25	26	2	0	19,035	1	9	2017
756	330801644	23	26	1	0	6,101	1	24	2016
757	2823767222	23	26	2	1	12,913	1	38	2017
758	2628250413	28	26	0	1	6,455	-1	26	2016
759	1460160318	28	26	3	4	8,856	-1	31	2017
760	725180932	4	26	1	1	20,860	0	26	2017
761	563446421	29	26	1	4	6,552	-1	13	2017
762	1854429323	8	26	1	0	1,891	1	20	2017
763	958528282	16	26	1	1	30,351	0	30	2017
764	1705958710	20	1	0	0	15,709	0	30	2016
765	3477480775	20	1	2	2	37,961	0	31	2017
766	745735066	20	1	3	1	35,674	1	27	2018
767	1623273910	20	1	1	0	35,578	1	19	2019
768	831927429	12	1	2	1	15,680	1	27	2016
769	526128283	12	1	2	0	7,111	1	33	2017
770	386450455	12	1	1	0	55,273	1	18	2018
771	729595337	12	1	3	1	35,016	1	1	2019
772	3908972498	10	1	2	3	19,484	-1	7	2016
773	1303552856	10	1	3	1	17,251	1	11	2017
774	3813579731	10	1	1	0	15,384	1	6	2018
775	3740267591	10	1	2	0	13,181	1	13	2019
776	3506435745	26	1	1	0	6,028	1	1	2016
777	1575702454	26	1	1	0	6,470	1	29	2017
778	1441034560	21	1	4	1	16,331	1	3	2016
779	892329623	27	1	0	1	7,057	-1	5	2016
780	700725887	27	1	2	2	20,636	0	38	2017
781	3823832391	27	1	1	1	5,779	0	23	2018
782	1411752176	3	1	1	2	2,578	-1	21	2016
783	1876693270	24	1	1	1	34,487	0	19	2016
784	2524822248	24	1	1	0	30,465	1	7	2017
785	1519592410	24	1	2	0	21,031	1	15	2018
786	3577517332	5	1	0	2	5,651	-1	23	2016
787	1259217807	5	1	1	2	9,423	-1	32	2018
788	1313685280	13	1	1	0	25,352	1	37	2016
789	4197141895	13	1	0	0	20,913	0	3	2018
790	491080316	13	1	3	1	21,483	1	4	2019
791	1090138941	22	1	0	4	4,183	-1	10	2016
792	3289446174	22	1	1	0	4,707	1	9	2017
793	628373533	17	1	2	0	9,681	1	15	2016
794	257785823	17	1	1	1	5,753	0	15	2017
795	2496686654	17	1	1	0	10,016	1	2	2018
796	3226089461	17	1	4	1	11,437	1	5	2019
797	1783338066	14	1	2	0	13,830	1	17	2016
798	1090005801	14	1	0	1	7,025	-1	3	2017
799	1712423491	14	1	0	1	10,670	-1	7	2018
800	1887892245	6	1	1	0	17,702	1	33	2016
801	2427574299	6	1	0	2	13,897	-1	13	2017
802	1553163634	6	1	2	0	7,720	1	33	2018
803	3723574507	9	1	0	1	27,489	-1	32	2016
804	1744262673	9	1	1	1	13,095	0	36	2017
805	708231554	9	1	1	1	7,193	0	17	2018
806	774634906	11	1	1	0	15,566	1	25	2016
807	98073818	11	1	3	2	56,052	1	20	2017
808	2302478518	11	1	1	0	14,058	1	35	2018
809	3127607261	11	1	1	1	8,517	0	7	2019
810	3587882502	25	1	2	0	14,658	1	9	2016
811	456267063	25	1	0	1	7,851	-1	27	2017
812	614754896	25	1	1	1	12,773	0	20	2018
813	3393075515	23	1	3	2	6,774	1	12	2016
814	2176868091	23	1	1	2	9,676	-1	23	2017
815	1643697488	23	1	2	0	6,637	1	11	2018
816	644700680	23	1	1	1	Arena Condá, Chapecó	0	25	2019
817	3688290952	28	1	0	1	10,458	-1	35	2016
818	2014540807	28	1	1	1	3,484	0	2	2017
819	2222153600	28	1	0	0	9,525	0	24	2018
820	1865857279	4	1	1	0	18,917	1	5	2017
821	1592189210	4	1	0	0	27,776	0	38	2018
822	2427444694	4	1	0	0	24,864	0	11	2019
823	2538909536	29	1	1	0	6,590	1	16	2017
824	4099249216	29	1	2	2	4,921	0	14	2019
825	3394329836	8	1	1	2	10,865	-1	25	2017
826	346494783	16	1	0	3	5,780	-1	18	2017
827	2493045997	16	1	2	0	11,376	1	29	2018
828	3641535056	19	1	1	1	5,131	0	12	2018
829	2477026783	7	1	0	1	15,234	-1	9	2018
830	88986578	7	1	0	0	18,595	0	21	2019
831	3761001386	2	1	1	1	8,715	0	16	2019
832	2351794442	18	1	2	1	17,099	1	9	2019
833	3156016808	15	1	1	0	24,142	1	22	2019
834	3991659140	20	28	2	1	31,107	1	32	2016
835	4273229264	20	28	5	1	18,744	1	35	2017
836	3663826951	20	28	2	3	25,947	-1	7	2018
837	1111899779	12	28	1	0	9,382	1	1	2016
838	1617105333	12	28	2	0	9,029	1	24	2017
839	1493051821	12	28	4	1	58,817	1	16	2018
840	2842034202	10	28	1	0	11,389	1	25	2016
841	970487888	10	28	2	2	12,027	0	9	2017
842	3271207523	10	28	5	2	21,654	1	27	2018
843	3059692831	26	28	3	2	8,221	1	7	2016
844	3080538091	26	28	0	3	10,192	-1	12	2017
845	3975264930	21	28	0	1	16,951	-1	5	2016
846	2461977036	27	28	3	0	4,771	1	21	2016
847	2896908528	27	28	2	1	17,313	1	14	2017
848	3753440159	27	28	2	0	6,031	1	21	2018
849	3159199789	3	28	1	1	5,075	0	19	2016
850	3923715563	24	28	3	0	24,360	1	23	2016
851	4195027314	24	28	3	1	4,129	1	19	2017
852	2319607091	24	28	2	1	20,901	1	25	2018
853	3507162912	5	28	2	2	2,139	0	37	2016
854	1191162570	5	28	3	0	8,304	1	1	2018
855	4234591248	13	28	1	0	24,840	1	3	2016
856	2081322965	13	28	0	0	28,320	0	9	2018
857	2879807610	22	28	2	1	3,086	1	14	2016
858	2511380710	22	28	4	0	3,104	1	1	2017
859	922387744	17	28	3	1	7,801	1	28	2016
860	44537319	17	28	1	2	12,819	-1	37	2017
861	4122409824	17	28	0	0	12,256	0	33	2018
862	765831194	1	28	1	2	18,861	-1	16	2016
863	3197486356	1	28	2	0	30,393	1	21	2017
864	688488629	1	28	2	0	20,095	1	5	2018
865	491484838	14	28	2	0	4,937	1	8	2016
866	4044021384	14	28	0	1	7,272	-1	10	2017
867	2976174770	14	28	3	0	17,047	1	19	2018
868	1818139645	6	28	2	0	21,576	1	36	2016
869	2563376969	6	28	2	1	10,407	1	30	2017
870	254970987	6	28	4	0	9,139	1	29	2018
871	2587175021	9	28	3	2	5,840	1	12	2016
872	31866753	9	28	1	2	15,638	-1	27	2017
873	3993364791	9	28	1	0	5,706	1	15	2018
874	3864410569	11	28	0	0	11,145	0	10	2016
875	1803692394	11	28	1	0	43,071	1	26	2017
876	1002103662	11	28	0	0	15,235	0	37	2018
877	1748472063	25	28	0	3	10,845	-1	34	2016
878	1491723282	25	28	5	0	17,518	1	22	2017
879	3900263847	25	28	3	4	12,165	-1	31	2018
880	544497061	23	28	3	0	6,104	1	30	2016
881	118980390	23	28	1	1	10,654	0	32	2017
882	355249454	23	28	2	1	12,384	1	36	2018
883	461853697	4	28	1	3	17,869	-1	17	2017
884	3085126196	4	28	2	0	13,816	1	23	2018
885	3368042457	29	28	1	0	4,646	1	4	2017
886	2122787247	8	28	2	0	1,107	1	34	2017
887	4035019172	16	28	2	1	10,273	1	6	2017
888	3185554179	16	28	3	2	8,418	1	11	2018
889	2540368677	19	28	1	2	7,604	-1	3	2018
890	4269203316	7	28	1	0	15,197	1	13	2018
891	1135617902	20	13	1	0	31,967	1	34	2016
892	3709492386	20	13	1	0	25,504	1	2	2018
893	3835356458	20	13	1	0	31,549	1	3	2019
894	1982373964	12	13	1	0	21,000	1	12	2016
895	3214073724	12	13	2	0	60,182	1	4	2018
896	913172145	12	13	3	1	64,548	1	21	2019
897	2484608541	10	13	3	1	20,311	1	27	2016
898	3495430513	10	13	0	1	22,035	-1	17	2018
899	3312980503	10	13	1	3	18,966	-1	19	2019
900	599374343	26	13	1	1	8,798	0	10	2016
901	3240367317	21	13	1	0	8,749	1	14	2016
902	1393906261	27	13	1	0	10,176	1	30	2016
903	2703159636	27	13	1	0	19,006	1	35	2018
904	3271952914	3	13	3	2	8,741	1	9	2016
905	235921353	24	13	1	0	19,493	1	36	2016
906	713059005	24	13	1	1	26,916	0	26	2018
907	2808801522	5	13	1	0	1,737	1	26	2016
908	3659052007	5	13	2	1	4,625	1	15	2018
909	4081838378	22	13	2	2	5,940	0	16	2016
910	516130317	17	13	1	1	3,377	0	38	2016
911	974844530	17	13	0	3	14,640	-1	18	2018
912	3331473849	17	13	2	1	16,485	1	13	2019
913	1686750039	1	13	4	2	12,454	1	18	2016
914	3775416250	1	13	0	0	16,247	0	22	2018
915	1514651737	1	13	1	1	22,561	0	23	2019
916	3762221321	14	13	0	1	4,468	-1	4	2016
917	3600309729	14	13	1	2	8,124	-1	11	2018
918	14926100	14	13	0	0	12,756	0	6	2019
919	3447479188	6	13	2	1	12,756	1	24	2016
920	108318172	6	13	2	2	8,184	0	13	2018
921	2224403078	6	13	1	0	12,700	1	10	2019
922	3374340127	9	13	1	0	8,924	1	6	2016
923	3404304746	9	13	2	3	5,591	-1	8	2018
924	1034409829	11	13	1	2	19,509	-1	2	2016
925	70015810	11	13	0	0	14,730	0	10	2018
926	3223516681	25	13	0	0	47,622	0	32	2016
927	1990486740	25	13	0	0	48,035	0	5	2018
928	2134327068	23	13	1	0	11,360	1	20	2016
929	2977909271	23	13	2	1	16,981	1	25	2018
930	997987939	23	13	2	0	8,231	1	1	2019
931	744026886	28	13	1	1	5,288	0	22	2016
932	1868573066	28	13	2	1	9,979	1	28	2018
933	627225295	4	13	0	1	18,671	-1	20	2018
934	1761945872	16	13	1	1	8,648	0	31	2018
935	2093536526	16	13	2	1	11,046	1	8	2019
936	2457670429	19	13	1	1	2,228	0	38	2018
937	269468973	7	13	1	1	43,575	0	33	2018
938	2359427152	2	13	1	0	9,927	1	24	2019
939	267616350	18	13	0	1	38,519	-1	15	2019
940	3051392034	15	13	2	1	8,634	1	16	2019
941	3260288290	20	27	1	0	39,690	1	36	2016
942	3007124375	20	27	2	0	23,562	1	37	2017
943	2738805062	20	27	2	0	24,882	1	20	2018
944	2207155070	20	27	1	0	21,010	1	25	2019
945	3795596186	12	27	0	0	44,388	0	34	2016
946	1116114871	12	27	0	0	10,577	0	4	2017
947	1469375173	12	27	2	0	42,182	1	14	2018
948	1797850716	12	27	3	2	45,622	1	12	2019
949	1325921495	10	27	5	3	36,129	1	12	2016
950	4005231137	10	27	0	0	17,086	0	31	2017
951	3079575164	10	27	1	0	19,171	1	38	2018
952	3274352782	26	27	0	0	10,922	0	14	2016
953	1755832558	26	27	2	3	8,315	-1	25	2017
954	3572873871	21	27	0	1	3,480	-1	32	2016
955	4160335254	3	27	0	1	12,325	-1	29	2016
956	2350004607	24	27	3	1	34,747	1	9	2016
957	3928587003	24	27	1	0	40,341	1	11	2017
958	864305374	24	27	2	0	19,830	1	13	2018
959	3682234247	24	27	2	0	38,882	1	15	2019
960	757583196	5	27	1	0	1,789	1	27	2016
961	1718325011	5	27	1	0	6,052	1	6	2018
962	4284496334	13	27	2	3	21,562	-1	11	2016
963	134496515	13	27	3	0	26,608	1	16	2018
964	3749812780	13	27	3	2	8,534	1	17	2019
965	389447477	22	27	2	0	5,050	1	18	2016
966	3244143462	22	27	2	1	3,208	1	21	2017
967	2479049367	17	27	1	0	4,550	1	4	2016
968	3478090941	17	27	0	1	14,851	-1	13	2017
969	921700888	17	27	1	0	10,699	1	24	2018
970	1297869799	17	27	0	1	24,600	-1	4	2019
971	1693087483	1	27	0	2	26,611	-1	24	2016
972	1984722442	1	27	0	0	22,691	0	19	2017
973	1705696250	1	27	1	0	20,908	1	4	2018
974	2747552022	1	27	0	0	18,012	0	10	2019
975	2890715691	14	27	3	0	16,530	1	6	2016
976	852676669	14	27	1	0	14,486	1	5	2017
977	3673632037	14	27	1	1	3,620	0	36	2018
978	2133609135	6	27	1	0	11,453	1	22	2016
979	3054627303	6	27	0	0	15,134	0	15	2017
980	971153199	6	27	2	1	7,133	1	31	2018
981	3002703283	9	27	0	1	9,900	-1	26	2016
982	4186952707	9	27	2	2	8,877	0	7	2017
983	3992532977	9	27	3	4	9,481	-1	26	2018
984	4043402668	11	27	0	1	14,399	-1	20	2016
985	959320304	11	27	0	0	25,711	0	36	2017
986	1004856871	11	27	3	2	25,427	1	8	2018
987	3783687803	11	27	2	0	26,533	1	1	2019
988	153743088	25	27	0	1	14,101	-1	38	2016
989	138199245	25	27	2	0	18,551	1	1	2017
990	2273919257	25	27	4	0	14,852	1	22	2018
991	1237026488	23	27	2	1	7,012	1	16	2016
992	1195823414	23	27	0	2	11,603	-1	8	2017
993	357073304	23	27	0	1	17,261	-1	34	2018
994	3719122644	28	27	1	1	5,218	0	2	2016
995	1005712951	28	27	1	2	24,119	-1	33	2017
996	1768177853	28	27	1	1	7,083	0	2	2018
997	1175756892	4	27	1	2	22,585	-1	22	2017
998	4020622581	4	27	3	3	12,478	0	11	2018
999	3539338218	4	27	2	0	19,656	1	21	2019
1000	3328562048	29	27	1	1	5,156	0	29	2017
1001	1260951281	29	27	0	2	7,140	-1	13	2019
1002	3756408596	8	27	1	1	5,462	0	16	2017
1003	3529596860	16	27	1	0	31,406	1	28	2017
1004	1545664847	16	27	1	2	9,454	-1	9	2018
1005	850851037	19	27	1	1	4,831	0	18	2018
1006	2640052940	7	27	0	0	29,946	0	29	2018
1007	2477487528	7	27	0	0	20,906	0	19	2019
1008	4025559498	2	27	1	2	11,602	-1	8	2019
1009	2184079451	18	27	1	0	20,884	1	22	2019
1010	465503276	15	27	1	0	16,347	1	5	2019
1011	2895801695	20	23	1	0	40,986	1	37	2016
1012	509558204	20	23	0	2	21,261	-1	21	2017
1013	2417774442	20	23	0	0	30,871	0	3	2018
1014	3311345373	12	23	2	2	2,705	0	3	2016
1015	925911829	12	23	5	1	14,632	1	9	2017
1016	850063099	12	23	2	0	30,647	1	24	2018
1017	3816264932	12	23	2	1	61,023	1	4	2019
1018	517857892	10	23	3	1	17,484	1	19	2016
1019	4256287162	10	23	2	3	11,927	-1	29	2017
1020	54539327	10	23	3	3	10,298	0	9	2018
1021	2473214073	26	23	3	4	2,852	-1	5	2016
1022	4075000857	26	23	2	0	12,103	1	19	2017
1023	2858012106	21	23	2	2	12,266	0	23	2016
1024	1941376902	27	23	0	2	10,170	-1	35	2016
1025	2138094871	27	23	2	1	7,613	1	27	2017
1026	412695133	27	23	1	0	7,602	1	15	2018
1027	1716447069	27	23	0	0	8,241	0	16	2019
1028	2525713196	3	23	1	1	6,017	0	15	2016
1029	2040944475	24	23	1	1	25,064	0	33	2016
1030	3942208205	24	23	1	1	31,470	0	1	2017
1031	722290585	24	23	0	0	35,888	0	37	2018
1032	2278411062	24	23	1	0	30,442	1	2	2019
1033	1906762877	5	23	1	2	1,191	-1	21	2016
1034	2432766789	5	23	0	0	4,894	0	12	2018
1035	988776259	13	23	0	0	18,219	0	1	2016
1036	1804284937	13	23	3	0	13,082	1	6	2018
1037	3370629489	13	23	1	0	21,349	1	20	2019
1038	3136744475	22	23	2	1	3,826	1	7	2016
1039	1603956711	22	23	3	2	4,105	1	6	2017
1040	3191506367	17	23	1	2	8,820	-1	25	2016
1041	2350110043	17	23	3	3	7,536	0	11	2017
1042	1163689362	17	23	3	1	14,541	1	7	2018
1043	719940598	1	23	0	0	14,761	0	31	2016
1044	649441672	1	23	0	2	16,591	-1	4	2017
1045	1589086524	1	23	3	0	12,666	1	30	2018
1046	937620728	1	23	1	2	18,039	-1	6	2019
1047	1532230590	14	23	3	0	10,322	1	13	2016
1048	634089694	14	23	1	0	5,533	1	15	2017
1049	2927412533	14	23	0	1	12,659	-1	33	2018
1050	2472633445	6	23	3	1	10,553	1	29	2016
1051	1809875470	6	23	0	0	9,774	0	31	2017
1052	1969250865	6	23	5	1	8,395	1	1	2018
1053	239940595	6	23	1	1	13,669	0	22	2019
1054	2013298482	9	23	1	2	7,702	-1	9	2016
1055	1985613921	9	23	1	2	5,433	-1	16	2017
1056	4270073955	9	23	1	0	5,256	1	10	2018
1057	465812551	11	23	2	2	54,996	0	17	2016
1058	2156402326	11	23	2	2	35,037	0	33	2017
1059	2259361256	11	23	2	0	41,075	1	19	2018
1060	2263662528	11	23	4	0	35,558	1	11	2019
1061	2677338422	25	23	1	0	11,152	1	27	2016
1062	1097142419	25	23	0	1	14,618	-1	24	2017
1063	614453489	25	23	2	0	13,266	1	35	2018
1064	1049255832	25	23	3	3	13,418	0	13	2019
1065	3474755658	28	23	5	1	38,921	1	11	2016
1066	587738883	28	23	3	0	25,861	1	13	2017
1067	981727011	28	23	1	1	6,787	0	17	2018
1068	3757167355	4	23	0	1	35,437	-1	37	2017
1069	3865675827	4	23	1	0	17,448	1	32	2018
1070	2183344736	29	23	1	0	5,955	1	22	2017
1071	1283540657	8	23	1	1	2,280	0	36	2017
1072	3606086301	16	23	1	1	Estádio Club de Regatas Vasco da Gama, Rio de Janeiro, RJ	0	26	2017
1073	628910860	16	23	3	1	8,782	1	21	2018
1074	3040521627	19	23	1	1	2,239	0	23	2018
1075	3498114814	7	23	3	1	28,226	1	27	2018
1076	1790191365	7	23	4	1	21,428	1	14	2019
1077	1948917145	2	23	2	0	9,311	1	18	2019
1078	905466371	18	23	2	0	25,425	1	24	2019
1079	169729661	15	23	3	1	7,756	1	8	2019
1080	2533829675	20	16	4	0	3,325	1	1	2017
1081	1132689988	20	16	1	0	30,012	1	18	2018
1082	2983304883	20	16	1	1	37,754	0	12	2019
1083	2197741001	12	16	0	0	24,813	0	31	2017
1084	3496764874	12	16	1	1	35,208	0	6	2018
1085	1070454055	10	16	1	2	12,497	-1	16	2017
1086	4023342953	10	16	0	0	22,452	0	20	2018
1087	2321951158	10	16	1	2	10,485	-1	21	2019
1088	2995338150	26	16	2	2	8,020	0	11	2017
1089	2275557934	27	16	3	1	15,048	1	9	2017
1090	1520622636	27	16	1	1	10,059	0	28	2018
1091	877410069	27	16	1	0	19,503	1	7	2019
1092	926759363	24	16	1	0	41,235	1	24	2017
1093	2511921359	24	16	1	0	38,605	1	35	2018
1094	2918233937	24	16	1	0	37,091	1	22	2019
1095	2002330699	5	16	2	1	5,061	1	23	2018
1096	3446813874	13	16	3	1	19,733	1	12	2018
1097	1416488565	22	16	0	0	6,310	0	19	2017
1098	4033470697	17	16	0	1	23,460	-1	22	2017
1099	2110751767	17	16	0	1	14,275	-1	32	2018
1100	295896568	1	16	0	1	14,930	-1	37	2017
1101	921386384	1	16	1	1	23,725	0	10	2018
1102	868451889	1	16	1	0	26,052	1	17	2019
1103	4290842682	14	16	1	2	7,841	-1	33	2017
1104	1979825289	14	16	1	1	12,985	0	3	2018
1105	793811608	14	16	3	0	12,952	1	4	2019
1106	3002078556	6	16	3	1	9,252	1	36	2017
1107	47807696	6	16	1	0	11,119	1	15	2018
1108	2235533572	6	16	4	1	12,275	1	1	2019
1109	1190449266	9	16	1	4	5,548	-1	13	2017
1110	851667658	9	16	1	0	10,092	1	24	2018
1111	796820211	11	16	1	0	22,574	1	15	2017
1112	871367054	11	16	2	1	53,437	1	17	2018
1113	2033831841	25	16	2	0	22,578	1	4	2017
1114	1732073497	25	16	2	1	20,763	1	33	2018
1115	3532075440	25	16	2	1	9,701	1	10	2019
1116	2450550909	23	16	2	1	10,003	1	7	2017
1117	3588642450	23	16	1	1	8,675	0	2	2018
1118	3351988254	23	16	1	2	8,808	-1	19	2019
1119	73233195	28	16	1	1	15,701	0	25	2017
1120	1639907836	28	16	2	1	13,860	1	30	2018
1121	590668859	4	16	3	0	21,691	1	21	2017
1122	516634177	4	16	3	0	15,031	1	7	2018
1123	4052366137	29	16	1	2	8,952	-1	27	2017
1124	20513500	29	16	0	0	7,401	0	24	2019
1125	3771604615	8	16	0	1	9,046	-1	29	2017
1126	541412762	19	16	1	1	3,210	0	27	2018
1127	671086538	7	16	0	0	55,445	0	38	2018
1128	3039121391	18	16	1	1	28,148	0	6	2019
1129	2469962217	15	16	0	1	14,529	-1	14	2019
1130	2329828089	20	8	1	0	29,014	1	9	2017
1131	1959971078	12	8	2	0	7,082	1	21	2017
1132	516131567	10	8	3	2	8,204	1	33	2017
1133	1990528876	26	8	4	1	10,631	1	1	2017
1134	1400746218	27	8	1	2	10,076	-1	35	2017
1135	329398722	24	8	0	1	40,581	-1	22	2017
1136	2006642484	22	8	1	3	5,264	-1	24	2017
1137	1802508232	17	8	3	1	27,278	1	19	2017
1138	3780220905	1	8	2	0	9,912	1	6	2017
1139	1731848098	14	8	1	0	4,245	1	30	2017
1140	146877493	6	8	2	2	5,864	0	27	2017
1141	1888623021	9	8	1	1	10,615	0	31	2017
1142	3776037503	11	8	2	2	31,333	0	13	2017
1143	3820538042	25	8	1	1	6,783	0	37	2017
1144	1915799293	23	8	1	2	9,744	-1	17	2017
1145	1034364853	28	8	4	0	8,809	1	15	2017
1146	997648093	4	8	3	0	13,364	1	4	2017
1147	2301741617	29	8	0	2	7,872	-1	26	2017
1148	1019399321	16	8	1	0	20,658	1	10	2017
1149	2899892841	20	29	2	0	33,633	1	17	2017
1150	1270680999	20	29	2	0	31,946	1	9	2019
1151	1863940832	12	29	1	1	9,584	0	25	2017
1152	551970515	10	29	1	0	12,648	1	5	2017
1153	2454786160	10	29	2	1	10,531	1	1	2019
1154	255531907	26	29	4	0	19,121	1	32	2017
1155	1578971004	27	29	0	2	22,819	-1	10	2017
1156	1085358274	24	29	1	0	42,732	1	34	2017
1157	731112553	13	29	2	0	19,789	1	7	2019
1158	3100057972	22	29	1	2	4,009	-1	30	2017
1159	3899458217	17	29	1	0	18,006	1	28	2017
1160	1269513193	17	29	0	1	16,811	-1	17	2019
1161	1825900371	1	29	2	2	9,259	0	35	2017
1162	2994058276	14	29	1	1	7,639	0	38	2017
1163	231867964	14	29	3	1	12,787	1	12	2019
1164	557563002	6	29	5	0	11,998	1	18	2017
1165	3183411888	6	29	0	1	13,784	-1	19	2019
1166	3706945017	9	29	0	1	10,981	-1	20	2017
1167	3768266106	11	29	2	0	12,427	1	2	2017
1168	3521533349	25	29	0	2	27,222	-1	12	2017
1169	2011020125	25	29	6	1	14,861	1	21	2019
1170	2415181015	23	29	2	0	6,188	1	3	2017
1171	458721125	23	29	1	0	7,027	1	15	2019
1172	21748728	28	29	0	1	8,608	-1	23	2017
1173	2630327801	4	29	1	1	12,389	0	14	2017
1174	1864655484	4	29	1	0	18,673	1	3	2019
1175	3983956126	8	29	3	1	2,572	1	7	2017
1176	1015093056	16	29	1	0	10,993	1	8	2017
1177	28134420	16	29	1	1	13,924	0	5	2019
1178	1870634941	7	29	1	0	16,892	1	25	2019
1179	2035586288	2	29	3	1	8,346	1	23	2019
1180	958624666	18	29	2	0	24,864	1	10	2019
1181	660945198	20	4	2	2	25,234	0	27	2017
1182	39842184	20	4	3	0	26,351	1	6	2018
1183	1228661654	20	4	2	2	34,275	0	14	2019
1184	4178996432	12	4	4	1	8,282	1	29	2017
1185	1767455660	12	4	2	0	55,382	1	8	2018
1186	2920647349	10	4	0	2	12,177	-1	15	2017
1187	289510161	10	4	1	0	17,313	1	35	2018
1188	3432013759	10	4	0	1	22,401	-1	16	2019
1189	3060783417	26	4	0	0	19,534	0	7	2017
1190	2939153756	27	4	1	0	7,886	1	3	2017
1191	3021272454	27	4	0	1	8,180	-1	30	2018
1192	811624442	27	4	3	2	7,568	1	2	2019
1193	3290131908	24	4	3	0	34,250	1	9	2017
1194	3099334291	24	4	2	1	35,382	1	31	2018
1195	3620749528	24	4	2	1	29,569	1	20	2019
1196	1236559879	5	4	1	0	7,409	1	37	2018
1197	2261590120	13	4	2	0	16,663	1	1	2018
1198	2589756934	13	4	3	1	15,724	1	9	2019
1199	3280164664	22	4	0	3	4,181	-1	13	2017
1200	1014971561	17	4	1	1	12,841	0	31	2017
1201	3302728514	17	4	1	1	16,548	0	17	2018
1202	884199166	17	4	2	0	17,637	1	25	2019
1203	773692357	1	4	1	0	11,754	1	24	2017
1204	2421308488	1	4	1	1	28,807	0	19	2018
1205	3611540371	14	4	3	0	32,869	1	16	2017
1206	1072176150	14	4	2	0	11,564	1	21	2018
1207	1299606543	6	4	4	1	11,964	1	20	2017
1208	408531614	6	4	2	0	13,433	1	22	2018
1209	1863358808	6	4	1	0	10,510	1	4	2019
1210	814252750	9	4	0	0	10,741	0	11	2017
1211	4018176211	9	4	2	2	21,714	0	33	2018
1212	3598064572	11	4	1	1	60,485	0	38	2017
1213	4240057857	11	4	1	0	43,555	1	24	2018
1214	3912982928	11	4	0	0	44,640	0	5	2019
1215	2017237233	25	4	1	0	22,103	1	6	2017
1216	3837920069	25	4	2	2	29,612	0	28	2018
1217	2207933899	23	4	1	1	3,466	0	18	2017
1218	3186440603	23	4	1	1	7,534	0	13	2018
1219	369266928	23	4	0	0	12,787	0	12	2019
1220	1803498670	28	4	1	0	5,556	1	36	2017
1221	178598696	28	4	2	0	15,165	1	4	2018
1222	1189833815	29	4	1	2	4,412	-1	33	2017
1223	2896783399	29	4	0	2	7,052	-1	22	2019
1224	1690348046	8	4	1	1	3,818	0	23	2017
1225	661030781	16	4	2	1	19,030	1	2	2017
1226	813955654	16	4	2	1	13,293	1	26	2018
1227	2875354973	16	4	0	2	20,282	-1	18	2019
1228	2018474501	19	4	1	0	4,153	1	10	2018
1229	1577394345	7	4	0	2	11,395	-1	15	2018
1230	2490110756	7	4	0	0	15,566	0	8	2019
1231	170472858	20	19	3	0	35,776	1	16	2018
1232	3745948447	12	19	2	0	59,488	1	11	2018
1233	2189773440	10	19	2	0	18,948	1	15	2018
1234	965473524	27	19	2	1	28,972	1	37	2018
1235	2236689089	24	19	1	0	28,136	1	21	2018
1236	3278329271	5	19	0	1	5,074	-1	33	2018
1237	3891397114	13	19	1	0	40,894	1	19	2018
1238	3561710248	17	19	4	0	6,715	1	28	2018
1239	733577185	1	19	3	1	18,755	1	31	2018
1240	2081583137	14	19	3	1	3,971	1	5	2018
1241	138104577	6	19	3	0	12,956	1	26	2018
1242	843546480	9	19	1	0	6,358	1	13	2018
1243	601243697	11	19	1	0	11,327	1	1	2018
1244	4185680656	25	19	2	0	19,278	1	25	2018
1245	3529353955	23	19	1	1	7,838	0	4	2018
1246	891359120	28	19	1	0	13,966	1	22	2018
1247	436150421	4	19	2	0	29,215	1	29	2018
1248	973750577	16	19	1	0	4,584	1	8	2018
1249	848743087	7	19	1	0	48,824	1	36	2018
1250	319636962	20	7	2	1	36,323	1	30	2018
1251	3899956254	12	7	0	1	61,277	-1	22	2018
1252	3383255324	10	7	2	1	22,119	1	12	2018
1253	636648202	10	7	2	1	6,131	1	22	2019
1254	2328713739	27	7	0	0	8,825	0	10	2018
1255	773224075	24	7	1	1	40,350	0	4	2018
1256	4117997286	24	7	2	2	43,230	0	18	2019
1257	2967821716	5	7	0	0	4,348	0	24	2018
1258	2182996227	13	7	1	0	21,013	1	14	2018
1259	115119927	13	7	1	0	11,033	1	12	2019
1260	2433492530	17	7	0	0	6,435	0	35	2018
1261	1374304382	17	7	1	1	23,484	0	10	2019
1262	1978674265	1	7	0	2	30,814	-1	28	2018
1263	220971485	1	7	1	0	22,677	1	2	2019
1264	1384616553	14	7	2	0	15,513	1	1	2018
1265	1795974306	6	7	2	2	9,632	0	37	2018
1266	2032978610	6	7	1	0	10,075	1	17	2019
1267	3870017167	9	7	2	1	8,371	1	6	2018
1268	3007416148	11	7	1	0	57,323	1	21	2018
1269	3977666466	11	7	1	0	47,705	1	15	2019
1270	3959434137	25	7	3	2	36,789	1	26	2018
1271	4084829144	25	7	2	1	6,078	1	24	2019
1272	1647778657	23	7	2	0	7,015	1	8	2018
1273	3448420482	28	7	1	0	25,002	1	32	2018
1274	961788047	4	7	2	1	17,825	1	34	2018
1275	447636431	29	7	1	2	5,543	-1	6	2019
1276	3545859215	16	7	1	1	15,539	0	19	2018
1277	2747881033	16	7	1	0	19,584	1	9	2019
1278	2072580414	19	7	0	1	8,639	-1	17	2018
1279	623137876	2	7	1	0	10,566	1	20	2019
1280	784291018	15	7	2	1	9,493	1	4	2019
1281	3888539058	20	18	4	0	26,701	1	1	2019
1282	2380986536	12	18	2	0	37,658	1	7	2019
1283	3477268564	10	18	2	2	16,043	0	11	2019
1284	1911671849	27	18	1	0	13,749	1	3	2019
1285	1705845388	14	18	3	3	12,515	0	16	2019
1286	1058804495	6	18	4	1	12,080	1	21	2019
1287	2127634694	11	18	2	1	34,962	1	23	2019
1288	844755385	25	18	1	0	3,761	1	8	2019
1289	2279461287	23	18	1	3	6,765	-1	5	2019
1290	2825897831	4	18	1	1	38,977	0	19	2019
1291	110927481	16	18	1	0	Estádio Club de Regatas Vasco da Gama, Rio de Janeiro, RJ	1	25	2019
1292	2360830237	7	18	2	1	38,421	1	13	2019
1293	3504008744	2	18	0	2	9,924	-1	14	2019
1294	2833059078	20	2	6	2	21,537	1	21	2019
1295	2673680380	10	2	4	0	14,116	1	7	2019
1296	2185222190	24	2	1	0	33,952	1	10	2019
1297	3746647149	13	2	2	0	24,220	1	5	2019
1298	2972757866	17	2	0	1	25,049	-1	15	2019
1299	3894092200	14	2	2	0	6,615	1	22	2019
1300	1507752382	11	2	1	1	29,779	0	19	2019
1301	3451217231	4	2	1	0	32,483	1	17	2019
1302	3454623352	29	2	0	0	4,852	0	4	2019
1303	3384135362	16	2	0	0	9,631	0	13	2019
1304	1759764696	7	2	4	0	12,550	1	1	2019
1305	1444503401	15	2	1	0	8,826	1	25	2019
1306	937198463	12	20	1	2	54,665	-1	6	2016
1307	3422312170	12	20	2	2	15,103	0	15	2017
1308	3606718580	12	20	1	1	65,102	0	31	2018
1309	4146954998	12	20	3	0	65,969	1	17	2019
1310	18480743	10	20	1	1	14,942	0	35	2016
1311	2812710473	10	20	1	1	25,672	0	23	2017
1312	420580045	10	20	1	1	20,488	0	33	2018
1313	1196588860	10	20	0	2	24,368	-1	4	2019
1314	1111818108	26	20	2	2	12,794	0	8	2016
1315	936134211	26	20	1	0	16,648	1	5	2017
1316	419500706	21	20	2	3	7,189	-1	28	2016
1317	2922535579	27	20	3	1	8,477	1	17	2016
1318	2565386666	27	20	1	2	7,517	-1	18	2017
1319	16064430	27	20	1	1	8,033	0	1	2018
1320	200776360	27	20	0	1	33,143	-1	6	2019
1321	3792504364	3	20	1	2	16,467	-1	31	2016
1322	3272916592	24	20	0	2	39,879	-1	26	2016
1323	2856157046	24	20	3	2	46,090	1	32	2017
1324	2114381717	24	20	1	0	34,967	1	5	2018
1325	3273828013	24	20	1	1	42,675	0	13	2019
1326	896416559	5	20	0	2	27,895	-1	29	2016
1327	4061066862	5	20	0	0	8,077	0	17	2018
1328	2933773412	13	20	0	1	27,293	-1	15	2016
1329	3017567696	13	20	0	0	40,125	0	21	2018
1330	2306326617	13	20	1	1	20,813	0	22	2019
1331	4080025719	22	20	2	1	7,061	1	2	2016
1332	1151288922	22	20	1	2	6,051	-1	10	2017
1333	817050115	17	20	0	2	12,037	-1	22	2016
1334	2560516200	17	20	0	1	13,145	-1	25	2017
1335	3082637422	17	20	1	0	22,827	1	15	2018
1336	31463191	1	20	2	1	18,082	1	11	2016
1337	1032902082	1	20	3	1	19,090	1	12	2017
1338	1693453794	1	20	1	0	19,679	1	8	2018
1339	2178533907	14	20	1	0	13,574	1	33	2016
1340	860053860	14	20	1	0	10,143	1	7	2017
1341	1809787668	14	20	1	1	26,417	0	13	2018
1342	1585630311	14	20	2	0	11,408	1	24	2019
1343	45626424	6	20	0	1	23,911	-1	20	2016
1344	1362229141	6	20	3	0	12,879	1	38	2017
1345	2659344803	6	20	1	3	19,077	-1	4	2018
1346	2496820707	9	20	1	2	34,757	-1	38	2016
1347	754241828	9	20	3	1	14,803	1	33	2017
1348	1720248503	9	20	0	3	8,822	-1	19	2018
1349	3963761498	11	20	1	0	21,016	1	4	2016
1350	3297995329	11	20	2	0	33,288	1	3	2017
1351	207501778	11	20	0	2	56,694	-1	28	2018
1352	1584419396	11	20	1	1	38,267	0	10	2019
1353	2321442381	25	20	0	0	19,514	0	24	2016
1354	1476546614	25	20	1	3	16,238	-1	30	2017
1355	3773306732	25	20	0	2	26,556	-1	10	2018
1356	3655783997	25	20	1	1	12,897	0	15	2019
1357	3189671118	23	20	1	1	9,167	0	18	2016
1358	3422975398	23	20	1	0	10,323	1	2	2017
1359	3683459131	23	20	1	2	4,546	-1	22	2018
1360	3324904153	23	20	1	2	10,615	-1	7	2019
1361	3027337715	28	20	1	3	26,719	-1	13	2016
1362	4267663191	28	20	0	2	37,430	-1	16	2017
1363	4069394665	28	20	0	1	18,681	-1	26	2018
1364	804235037	4	20	2	4	33,186	-1	8	2017
1365	1588899791	4	20	1	1	24,495	0	25	2018
1366	2672860367	29	20	2	1	11,082	1	36	2017
1367	1331443070	8	20	1	3	12,619	-1	28	2017
1368	2857019971	16	20	1	1	5,323	0	20	2017
1369	1152068325	16	20	0	1	22,957	-1	37	2018
1370	3186267326	19	20	1	1	25,076	0	35	2018
1371	1834486411	7	20	2	2	32,732	0	11	2018
1372	4287587977	7	20	2	0	32,287	1	11	2019
1373	2078483311	2	20	1	1	15,735	0	2	2019
1374	135750955	18	20	0	1	34,514	-1	20	2019
1375	2453340758	15	20	1	2	17,115	-1	18	2019
1376	2921053449	12	15	6	1	65,154	1	10	2019
1377	3651646492	27	15	3	1	5,574	1	24	2019
1378	2411626919	24	15	2	0	34,595	1	7	2019
1379	744132742	17	15	0	1	17,420	-1	1	2019
1380	3600673592	1	15	2	1	19,735	1	3	2019
1381	1830478442	14	15	6	1	13,462	1	13	2019
1382	830376544	11	15	0	1	12,505	-1	21	2019
1383	2440399548	25	15	3	0	35,584	1	19	2019
1384	2763529982	4	15	1	1	28,866	0	15	2019
1385	313705923	29	15	0	0	5,497	0	11	2019
1386	237904139	7	15	0	1	19,071	-1	23	2019
1387	566209730	2	15	1	0	9,128	1	6	2019
1388	1686254736	18	15	2	0	34,343	1	17	2019
